{
  "project_info": {
    "project_number": "91826809746",
    "firebase_url": "https://mis-lugares-5e7b9.firebaseio.com",
    "project_id": "mis-lugares-5e7b9",
    "storage_bucket": "mis-lugares-5e7b9.appspot.com"
  },
  "client": [
    {
      "client_info": {
        "mobilesdk_app_id": "1:91826809746:android:70a7031f3f2c3caeff6f4b",
        "android_client_info": {
          "package_name": "com.example.mislugares"
        }
      },
      "oauth_client": [
        {
          "client_id": "91826809746-r4k7sta31klv3f6p0jev3g0fnetcr3g0.apps.googleusercontent.com",
          "client_type": 1,
          "android_info": {
            "package_name": "com.example.mislugares",
            "certificate_hash": "b59d8ee9dfacf9c21bf35134ccf8c23a94d8dd35"
          }
        },
        {
          "client_id": "91826809746-8rbls4oie6sj69ee2481vdvlpfveb87k.apps.googleusercontent.com",
          "client_type": 3
        }
      ],
      "api_key": [
        {
          "current_key": "AIzaSyD7v-aFNFVbBrqYoa79QRUyGQhurX7Bd2w"
        }
      ],
      "services": {
        "appinvite_service": {
          "other_platform_oauth_client": [
            {
              "client_id": "91826809746-8rbls4oie6sj69ee2481vdvlpfveb87k.apps.googleusercontent.com",
              "client_type": 3
            }
          ]
        }
      }
    }
  ],
  "configuration_version": "1"
}